<?xml version="1.0" encoding="UTF-8"?>
<Module name="TOP" Register="3147" Alu="644" Lut="11882">
    <SubModule name="clk_gen"/>
    <SubModule name="ddr_rst_gen" Register="10" Alu="8" Lut="6"/>
    <SubModule name="core_rst_gen" Register="10" Alu="8" Lut="6"/>
    <SubModule name="cpu_rst_gen" Register="12" Alu="8" Lut="8"/>
    <SubModule name="IRAM" Bsram="8"/>
    <SubModule name="DRAM" Bsram="8"/>
    <SubModule name="AXI_crossbar_32">
        <SubModule name="slv0_if" Lut="15">
            <SubModule name="CDC_STAGE.aw_dcfifo">
                <SubModule name="sync_r2w" Register="6" Lut="1"/>
                <SubModule name="sync_w2r" Register="6" Lut="3"/>
                <SubModule name="wptr_full" Register="6" Lut="10"/>
                <SubModule name="fifomem" Ssram="9"/>
                <SubModule name="rptr_empty" Register="6" Alu="2" Lut="11"/>
            </SubModule>
            <SubModule name="CDC_STAGE.w_dcfifo">
                <SubModule name="sync_r2w" Register="6"/>
                <SubModule name="sync_w2r" Register="6"/>
                <SubModule name="wptr_full" Register="6" Lut="10"/>
                <SubModule name="fifomem" Ssram="10"/>
                <SubModule name="rptr_empty" Register="6" Alu="2" Lut="10"/>
            </SubModule>
            <SubModule name="CDC_STAGE.b_dcfifo">
                <SubModule name="sync_r2w" Register="6"/>
                <SubModule name="sync_w2r" Register="6"/>
                <SubModule name="wptr_full" Register="6" Lut="7"/>
                <SubModule name="fifomem" Ssram="1"/>
                <SubModule name="rptr_empty" Register="6" Alu="2" Lut="6"/>
            </SubModule>
            <SubModule name="CDC_STAGE.ar_dcfifo">
                <SubModule name="sync_r2w" Register="6"/>
                <SubModule name="sync_w2r" Register="6"/>
                <SubModule name="wptr_full" Register="6" Lut="10"/>
                <SubModule name="fifomem" Ssram="10"/>
                <SubModule name="rptr_empty" Register="6" Alu="2" Lut="12"/>
            </SubModule>
            <SubModule name="CDC_STAGE.r_dcfifo">
                <SubModule name="sync_r2w" Register="6"/>
                <SubModule name="sync_w2r" Register="6"/>
                <SubModule name="wptr_full" Register="6" Lut="7"/>
                <SubModule name="fifomem" Ssram="9"/>
                <SubModule name="rptr_empty" Register="6" Alu="2" Lut="6"/>
            </SubModule>
        </SubModule>
        <SubModule name="switchs">
            <SubModule name="SLV_SWITCHS_GEN[0].slv_switch" Register="11" Lut="154">
                <SubModule name="wch_gnt_fifo" Register="6" Alu="6" Lut="10">
                    <SubModule name="fifo_ram" Ssram="1"/>
                </SubModule>
                <SubModule name="bch_mr_fifo" Register="6" Alu="6" Lut="8"/>
                <SubModule name="bch_round_robin">
                    <SubModule name="P0_ON.rr_p0" Register="2" Lut="3"/>
                </SubModule>
                <SubModule name="rch_mr_fifo" Register="10" Alu="10" Lut="20">
                    <SubModule name="fifo_ram" Ssram="1"/>
                </SubModule>
                <SubModule name="rch_round_robin">
                    <SubModule name="P0_ON.rr_p0" Register="2" Lut="1"/>
                </SubModule>
            </SubModule>
            <SubModule name="MST_SWITCHS_GEN[0].mst_switch" Lut="8">
                <SubModule name="awch_round_robin">
                    <SubModule name="P0_ON.rr_p0" Lut="1"/>
                </SubModule>
                <SubModule name="wch_gnt_fifo" Register="18" Alu="18" Lut="44">
                    <SubModule name="fifo_ram" Lut="28" Ssram="16"/>
                </SubModule>
            </SubModule>
            <SubModule name="MST_SWITCHS_GEN[1].mst_switch" Lut="72">
                <SubModule name="awch_round_robin">
                    <SubModule name="P0_ON.rr_p0" Lut="1"/>
                </SubModule>
                <SubModule name="wch_gnt_fifo" Register="18" Alu="18" Lut="32">
                    <SubModule name="fifo_ram" Lut="26" Ssram="16"/>
                </SubModule>
                <SubModule name="arch_round_robin">
                    <SubModule name="P0_ON.rr_p0" Lut="1"/>
                </SubModule>
            </SubModule>
            <SubModule name="MST_SWITCHS_GEN[2].mst_switch">
                <SubModule name="awch_round_robin">
                    <SubModule name="P0_ON.rr_p0" Lut="2"/>
                </SubModule>
                <SubModule name="wch_gnt_fifo" Register="18" Alu="18" Lut="31">
                    <SubModule name="fifo_ram" Lut="28" Ssram="16"/>
                </SubModule>
                <SubModule name="arch_round_robin">
                    <SubModule name="P0_ON.rr_p0" Lut="1"/>
                </SubModule>
            </SubModule>
            <SubModule name="MST_SWITCHS_GEN[3].mst_switch">
                <SubModule name="awch_round_robin">
                    <SubModule name="P0_ON.rr_p0" Lut="2"/>
                </SubModule>
                <SubModule name="wch_gnt_fifo" Register="18" Alu="18" Lut="32">
                    <SubModule name="fifo_ram" Lut="28" Ssram="16"/>
                </SubModule>
                <SubModule name="arch_round_robin">
                    <SubModule name="P0_ON.rr_p0" Lut="1"/>
                </SubModule>
            </SubModule>
        </SubModule>
        <SubModule name="mst2_if">
            <SubModule name="BUFF_STAGE.aw_scfifo" Register="3" Lut="4"/>
            <SubModule name="BUFF_STAGE.w_scfifo" Register="3" Lut="6"/>
            <SubModule name="BUFF_STAGE.ar_scfifo" Register="3" Lut="4"/>
        </SubModule>
        <SubModule name="mst3_if">
            <SubModule name="BUFF_STAGE.aw_scfifo" Register="3" Lut="4"/>
            <SubModule name="BUFF_STAGE.w_scfifo" Register="3" Lut="7"/>
            <SubModule name="BUFF_STAGE.ar_scfifo" Register="3" Lut="4"/>
        </SubModule>
    </SubModule>
    <SubModule name="axi_adapter_32_to_256">
        <SubModule name="axi_adapter_wr_inst" Register="926" Alu="5" Lut="795"/>
        <SubModule name="axi_adapter_rd_inst" Register="120" Alu="4" Lut="285"/>
    </SubModule>
    <SubModule name="apb" Register="102" Lut="120"/>
    <SubModule name="apb_mux" Lut="91"/>
    <SubModule name="IntController" Register="24" Lut="28">
        <SubModule name="int0" Register="1" Lut="2"/>
        <SubModule name="int1" Register="1" Lut="1"/>
        <SubModule name="int2" Register="2" Lut="5"/>
        <SubModule name="int3" Register="1" Lut="1"/>
        <SubModule name="int4" Register="1" Lut="1"/>
        <SubModule name="int5" Register="1" Lut="1"/>
        <SubModule name="int6" Register="1" Lut="1"/>
        <SubModule name="int7" Register="1" Lut="1"/>
    </SubModule>
    <SubModule name="UART1" Register="14" Lut="15">
        <SubModule name="uBAUDGEN" Register="22" Lut="49"/>
        <SubModule name="uFIFO_TX" Register="10" Lut="25" Ssram="2"/>
        <SubModule name="uFIFO_RX" Register="10" Lut="28" Ssram="2"/>
        <SubModule name="uUART_RX" Register="19" Lut="22"/>
        <SubModule name="uUART_TX" Register="20" Lut="35"/>
    </SubModule>
    <SubModule name="sd_read_para_top_inst" Register="98" Lut="6">
        <SubModule name="apb_register_if_sd" Register="70" Lut="75"/>
        <SubModule name="u_sd_ctrl_top" Lut="4">
            <SubModule name="u_sd_init" Register="107" Alu="19" Lut="106"/>
            <SubModule name="u_sd_read" Register="106" Lut="103"/>
        </SubModule>
        <SubModule name="u_sd_read_model" Register="72" Lut="139"/>
        <SubModule name="sd_axi_top_inst" Register="33" Alu="30" Lut="14">
            <SubModule name="ml_wrfifo_inst" Register="25" Alu="3" Lut="12" Ssram="5"/>
        </SubModule>
    </SubModule>
    <SubModule name="LED">
        <SubModule name="apb_register_inst" Register="32"/>
        <SubModule name="apb_reg_inst" Register="67" Lut="7"/>
    </SubModule>
    <SubModule name="AXI_crossbar_256">
        <SubModule name="switchs">
            <SubModule name="SLV_SWITCHS_GEN[1].slv_switch" Register="11" Alu="7" Lut="289">
                <SubModule name="wch_gnt_fifo" Register="6" Alu="6" Lut="17">
                    <SubModule name="fifo_ram" Ssram="1"/>
                </SubModule>
                <SubModule name="bch_mr_fifo" Register="6" Alu="6" Lut="9"/>
                <SubModule name="bch_round_robin">
                    <SubModule name="P0_ON.rr_p0" Lut="1"/>
                </SubModule>
                <SubModule name="rch_mr_fifo" Register="10" Alu="18" Lut="8"/>
                <SubModule name="rch_round_robin">
                    <SubModule name="P0_ON.rr_p0" Lut="2"/>
                </SubModule>
            </SubModule>
            <SubModule name="SLV_SWITCHS_GEN[2].slv_switch" Register="1" Lut="17">
                <SubModule name="wch_gnt_fifo" Register="6" Alu="6" Lut="17">
                    <SubModule name="fifo_ram" Ssram="1"/>
                </SubModule>
                <SubModule name="bch_mr_fifo" Register="3" Lut="5"/>
            </SubModule>
            <SubModule name="MST_SWITCHS_GEN[0].mst_switch" Lut="390">
                <SubModule name="awch_round_robin">
                    <SubModule name="P0_ON.rr_p0" Register="2" Lut="5"/>
                </SubModule>
                <SubModule name="wch_gnt_fifo" Register="18" Alu="34" Lut="7">
                    <SubModule name="fifo_ram" Lut="36" Ssram="16"/>
                </SubModule>
                <SubModule name="arch_round_robin">
                    <SubModule name="P0_ON.rr_p0" Lut="1"/>
                </SubModule>
            </SubModule>
            <SubModule name="MST_SWITCHS_GEN[1].mst_switch" Lut="6">
                <SubModule name="awch_round_robin">
                    <SubModule name="P0_ON.rr_p0" Register="2" Lut="8"/>
                </SubModule>
                <SubModule name="wch_gnt_fifo" Register="18" Alu="34" Lut="8">
                    <SubModule name="fifo_ram" Lut="39" Ssram="16"/>
                </SubModule>
                <SubModule name="arch_round_robin">
                    <SubModule name="P0_ON.rr_p0" Lut="2"/>
                </SubModule>
            </SubModule>
            <SubModule name="MST_SWITCHS_GEN[2].mst_switch" Lut="16">
                <SubModule name="awch_round_robin">
                    <SubModule name="P0_ON.rr_p0" Register="2" Lut="9"/>
                </SubModule>
                <SubModule name="wch_gnt_fifo" Register="18" Alu="34" Lut="6">
                    <SubModule name="fifo_ram" Lut="37" Ssram="16"/>
                </SubModule>
            </SubModule>
            <SubModule name="MST_SWITCHS_GEN[3].mst_switch" Lut="10">
                <SubModule name="awch_round_robin">
                    <SubModule name="P0_ON.rr_p0" Register="2" Lut="9"/>
                </SubModule>
                <SubModule name="wch_gnt_fifo" Register="18" Alu="34" Lut="7">
                    <SubModule name="fifo_ram" Lut="39" Ssram="16"/>
                </SubModule>
            </SubModule>
        </SubModule>
        <SubModule name="mst0_if" Lut="2">
            <SubModule name="CDC_STAGE.aw_dcfifo">
                <SubModule name="sync_r2w" Register="6"/>
                <SubModule name="sync_w2r" Register="6"/>
                <SubModule name="wptr_full" Register="6" Lut="7"/>
                <SubModule name="fifomem" Bsram="2"/>
                <SubModule name="rptr_empty" Register="6" Alu="2" Lut="6"/>
            </SubModule>
            <SubModule name="CDC_STAGE.w_dcfifo">
                <SubModule name="sync_r2w" Register="6"/>
                <SubModule name="sync_w2r" Register="6"/>
                <SubModule name="wptr_full" Register="6" Lut="7"/>
                <SubModule name="fifomem" Bsram="8"/>
                <SubModule name="rptr_empty" Register="6" Alu="2" Lut="6"/>
            </SubModule>
            <SubModule name="CDC_STAGE.b_dcfifo">
                <SubModule name="sync_r2w" Register="6"/>
                <SubModule name="sync_w2r" Register="6"/>
                <SubModule name="wptr_full" Register="6" Lut="10"/>
                <SubModule name="fifomem" Bsram="1"/>
                <SubModule name="rptr_empty" Register="6" Alu="2" Lut="7"/>
            </SubModule>
            <SubModule name="CDC_STAGE.ar_dcfifo">
                <SubModule name="sync_r2w" Register="6"/>
                <SubModule name="sync_w2r" Register="6"/>
                <SubModule name="wptr_full" Register="6" Lut="9"/>
                <SubModule name="fifomem" Bsram="2"/>
                <SubModule name="rptr_empty" Register="6" Alu="2" Lut="7"/>
            </SubModule>
            <SubModule name="CDC_STAGE.r_dcfifo">
                <SubModule name="sync_r2w" Register="6"/>
                <SubModule name="sync_w2r" Register="6"/>
                <SubModule name="wptr_full" Register="6" Lut="9"/>
                <SubModule name="fifomem" Bsram="8"/>
                <SubModule name="rptr_empty" Register="6" Alu="2" Lut="6"/>
            </SubModule>
        </SubModule>
        <SubModule name="mst1_if">
            <SubModule name="BUFF_STAGE.aw_scfifo" Register="3" Lut="4"/>
            <SubModule name="BUFF_STAGE.w_scfifo" Register="3" Lut="3"/>
            <SubModule name="BUFF_STAGE.ar_scfifo" Register="3" Lut="4"/>
        </SubModule>
        <SubModule name="mst2_if">
            <SubModule name="BUFF_STAGE.aw_scfifo" Register="3" Lut="4"/>
            <SubModule name="BUFF_STAGE.w_scfifo" Register="3" Lut="3"/>
            <SubModule name="BUFF_STAGE.ar_scfifo" Register="3" Lut="3"/>
        </SubModule>
        <SubModule name="mst3_if">
            <SubModule name="BUFF_STAGE.aw_scfifo" Register="3" Lut="4"/>
            <SubModule name="BUFF_STAGE.w_scfifo" Register="3" Lut="3"/>
            <SubModule name="BUFF_STAGE.ar_scfifo" Register="3" Lut="3"/>
        </SubModule>
    </SubModule>
    <SubModule name="gw_gao_inst_0" Register="1528" Alu="10" Lut="711" Bsram="10"/>
    <SubModule name="ddr_ctr" Register="33" Lut="48">
        <SubModule name="apb_register_if_ddr" Register="3" Lut="7"/>
        <SubModule name="axi_ram_if" Register="2" Lut="44">
            <SubModule name="axi_ram_wr_if_inst" Register="59" Alu="29" Lut="76"/>
            <SubModule name="axi_ram_rd_if_inst" Register="55" Alu="29" Lut="70"/>
        </SubModule>
        <SubModule name="ddr_queue_fifo" Register="16" Alu="7" Lut="28" Bsram="1"/>
        <SubModule name="ddr_data_fifo" Register="16" Alu="7" Lut="28" Bsram="8"/>
        <SubModule name="DDR3_Memory_Interface" Register="5582" Alu="207" Lut="3364" Bsram="24"/>
    </SubModule>
</Module>
