{
 "Device" : "GW2A-18C",
 "Files" : [
  {
   "Path" : "D:/Users/wangs/Documents/Code/LoongArch_Processing_System/1C102/src/hw/DDR_Controller.v",
   "Type" : "verilog"
  },
  {
   "Path" : "D:/Users/wangs/Documents/Code/LoongArch_Processing_System/1C102/src/hw/LED_driver.v",
   "Type" : "verilog"
  },
  {
   "Path" : "D:/Users/wangs/Documents/Code/LoongArch_Processing_System/1C102/src/hw/TOP.v",
   "Type" : "verilog"
  },
  {
   "Path" : "D:/Users/wangs/Documents/Code/LoongArch_Processing_System/1C102/src/hw/amba/apb_mux9.v",
   "Type" : "verilog"
  },
  {
   "Path" : "D:/Users/wangs/Documents/Code/LoongArch_Processing_System/1C102/src/hw/amba/axi2apb.v",
   "Type" : "verilog"
  },
  {
   "Path" : "D:/Users/wangs/Documents/Code/LoongArch_Processing_System/1C102/src/hw/amba/axi_adapter.v",
   "Type" : "verilog"
  },
  {
   "Path" : "D:/Users/wangs/Documents/Code/LoongArch_Processing_System/1C102/src/hw/amba/axi_arbiter/AXI_Arbiter.v",
   "Type" : "verilog"
  },
  {
   "Path" : "D:/Users/wangs/Documents/Code/LoongArch_Processing_System/1C102/src/hw/amba/axi_arbiter/AXI_Arbiter_R.v",
   "Type" : "verilog"
  },
  {
   "Path" : "D:/Users/wangs/Documents/Code/LoongArch_Processing_System/1C102/src/hw/amba/axi_arbiter/AXI_Arbiter_W.v",
   "Type" : "verilog"
  },
  {
   "Path" : "D:/Users/wangs/Documents/Code/LoongArch_Processing_System/1C102/src/hw/amba/axi_arbiter/AXI_Master_Mux_R.v",
   "Type" : "verilog"
  },
  {
   "Path" : "D:/Users/wangs/Documents/Code/LoongArch_Processing_System/1C102/src/hw/amba/axi_arbiter/AXI_Master_Mux_W.v",
   "Type" : "verilog"
  },
  {
   "Path" : "D:/Users/wangs/Documents/Code/LoongArch_Processing_System/1C102/src/hw/amba/axi_arbiter/AXI_Slave_Mux_R.v",
   "Type" : "verilog"
  },
  {
   "Path" : "D:/Users/wangs/Documents/Code/LoongArch_Processing_System/1C102/src/hw/amba/axi_arbiter/AXI_Slave_Mux_W.v",
   "Type" : "verilog"
  },
  {
   "Path" : "D:/Users/wangs/Documents/Code/LoongArch_Processing_System/1C102/src/hw/amba/axi_axil_adapter.v",
   "Type" : "verilog"
  },
  {
   "Path" : "D:/Users/wangs/Documents/Code/LoongArch_Processing_System/1C102/src/hw/amba/axi_crossbar/async_fifo/async_bidir_fifo.v",
   "Type" : "verilog"
  },
  {
   "Path" : "D:/Users/wangs/Documents/Code/LoongArch_Processing_System/1C102/src/hw/amba/axi_crossbar/async_fifo/async_bidir_ramif_fifo.v",
   "Type" : "verilog"
  },
  {
   "Path" : "D:/Users/wangs/Documents/Code/LoongArch_Processing_System/1C102/src/hw/amba/axi_crossbar/async_fifo/async_fifo.v",
   "Type" : "verilog"
  },
  {
   "Path" : "D:/Users/wangs/Documents/Code/LoongArch_Processing_System/1C102/src/hw/amba/axi_crossbar/async_fifo/fifomem.v",
   "Type" : "verilog"
  },
  {
   "Path" : "D:/Users/wangs/Documents/Code/LoongArch_Processing_System/1C102/src/hw/amba/axi_crossbar/async_fifo/fifomem_dp.v",
   "Type" : "verilog"
  },
  {
   "Path" : "D:/Users/wangs/Documents/Code/LoongArch_Processing_System/1C102/src/hw/amba/axi_crossbar/async_fifo/rptr_empty.v",
   "Type" : "verilog"
  },
  {
   "Path" : "D:/Users/wangs/Documents/Code/LoongArch_Processing_System/1C102/src/hw/amba/axi_crossbar/async_fifo/sync_ptr.v",
   "Type" : "verilog"
  },
  {
   "Path" : "D:/Users/wangs/Documents/Code/LoongArch_Processing_System/1C102/src/hw/amba/axi_crossbar/async_fifo/sync_r2w.v",
   "Type" : "verilog"
  },
  {
   "Path" : "D:/Users/wangs/Documents/Code/LoongArch_Processing_System/1C102/src/hw/amba/axi_crossbar/async_fifo/sync_w2r.v",
   "Type" : "verilog"
  },
  {
   "Path" : "D:/Users/wangs/Documents/Code/LoongArch_Processing_System/1C102/src/hw/amba/axi_crossbar/async_fifo/wptr_full.v",
   "Type" : "verilog"
  },
  {
   "Path" : "D:/Users/wangs/Documents/Code/LoongArch_Processing_System/1C102/src/hw/amba/axi_crossbar/axicb_checker.v",
   "Type" : "verilog"
  },
  {
   "Path" : "D:/Users/wangs/Documents/Code/LoongArch_Processing_System/1C102/src/hw/amba/axi_crossbar/axicb_crossbar_lite_top.v",
   "Type" : "verilog"
  },
  {
   "Path" : "D:/Users/wangs/Documents/Code/LoongArch_Processing_System/1C102/src/hw/amba/axi_crossbar/axicb_crossbar_top.v",
   "Type" : "verilog"
  },
  {
   "Path" : "D:/Users/wangs/Documents/Code/LoongArch_Processing_System/1C102/src/hw/amba/axi_crossbar/axicb_mst_if.v",
   "Type" : "verilog"
  },
  {
   "Path" : "D:/Users/wangs/Documents/Code/LoongArch_Processing_System/1C102/src/hw/amba/axi_crossbar/axicb_mst_switch.v",
   "Type" : "verilog"
  },
  {
   "Path" : "D:/Users/wangs/Documents/Code/LoongArch_Processing_System/1C102/src/hw/amba/axi_crossbar/axicb_pipeline.v",
   "Type" : "verilog"
  },
  {
   "Path" : "D:/Users/wangs/Documents/Code/LoongArch_Processing_System/1C102/src/hw/amba/axi_crossbar/axicb_round_robin.v",
   "Type" : "verilog"
  },
  {
   "Path" : "D:/Users/wangs/Documents/Code/LoongArch_Processing_System/1C102/src/hw/amba/axi_crossbar/axicb_round_robin_core.v",
   "Type" : "verilog"
  },
  {
   "Path" : "D:/Users/wangs/Documents/Code/LoongArch_Processing_System/1C102/src/hw/amba/axi_crossbar/axicb_scfifo.v",
   "Type" : "verilog"
  },
  {
   "Path" : "D:/Users/wangs/Documents/Code/LoongArch_Processing_System/1C102/src/hw/amba/axi_crossbar/axicb_scfifo_ram.v",
   "Type" : "verilog"
  },
  {
   "Path" : "D:/Users/wangs/Documents/Code/LoongArch_Processing_System/1C102/src/hw/amba/axi_crossbar/axicb_slv_if.v",
   "Type" : "verilog"
  },
  {
   "Path" : "D:/Users/wangs/Documents/Code/LoongArch_Processing_System/1C102/src/hw/amba/axi_crossbar/axicb_slv_switch.v",
   "Type" : "verilog"
  },
  {
   "Path" : "D:/Users/wangs/Documents/Code/LoongArch_Processing_System/1C102/src/hw/amba/axi_crossbar/axicb_switch_top.v",
   "Type" : "verilog"
  },
  {
   "Path" : "D:/Users/wangs/Documents/Code/LoongArch_Processing_System/1C102/src/hw/amba/axi_mux.v",
   "Type" : "verilog"
  },
  {
   "Path" : "D:/Users/wangs/Documents/Code/LoongArch_Processing_System/1C102/src/hw/amba/axi_ram_if.v",
   "Type" : "verilog"
  },
  {
   "Path" : "D:/Users/wangs/Documents/Code/LoongArch_Processing_System/1C102/src/hw/apb_register_if.v",
   "Type" : "verilog"
  },
  {
   "Path" : "D:/Users/wangs/Documents/Code/LoongArch_Processing_System/1C102/src/hw/config.v",
   "Type" : "verilog"
  },
  {
   "Path" : "D:/Users/wangs/Documents/Code/LoongArch_Processing_System/1C102/src/hw/ip_repo/ddr3_memory_interface/ddr3_memory_interface.v",
   "Type" : "verilog"
  },
  {
   "Path" : "D:/Users/wangs/Documents/Code/LoongArch_Processing_System/1C102/src/hw/ip_repo/ddr_fifo_rd/ddr_fifo_rd.v",
   "Type" : "verilog"
  },
  {
   "Path" : "D:/Users/wangs/Documents/Code/LoongArch_Processing_System/1C102/src/hw/ip_repo/ddr_fifo_wr/ddr_fifo_wr.v",
   "Type" : "verilog"
  },
  {
   "Path" : "D:/Users/wangs/Documents/Code/LoongArch_Processing_System/1C102/src/hw/ip_repo/ddr_pipe/ddr_pipe.v",
   "Type" : "verilog"
  },
  {
   "Path" : "D:/Users/wangs/Documents/Code/LoongArch_Processing_System/1C102/src/hw/ip_repo/gowin_rpll/gowin_rpll.v",
   "Type" : "verilog"
  },
  {
   "Path" : "D:/Users/wangs/Documents/Code/LoongArch_Processing_System/1C102/src/hw/ip_repo/gowin_rpll_100M/gowin_rpll_100M.v",
   "Type" : "verilog"
  },
  {
   "Path" : "D:/Users/wangs/Documents/Code/LoongArch_Processing_System/1C102/src/hw/ip_repo/gowin_rpll_400M/gowin_rpll_400M.v",
   "Type" : "verilog"
  },
  {
   "Path" : "D:/Users/wangs/Documents/Code/LoongArch_Processing_System/1C102/src/hw/ip_repo/gowin_sp_data/gowin_sp_data.v",
   "Type" : "verilog"
  },
  {
   "Path" : "D:/Users/wangs/Documents/Code/LoongArch_Processing_System/1C102/src/hw/ip_repo/gowin_sp_instr/gowin_sp_instr.v",
   "Type" : "verilog"
  },
  {
   "Path" : "D:/Users/wangs/Documents/Code/LoongArch_Processing_System/1C102/src/hw/la132_top_pack/la132_top_gowin.vp",
   "Type" : "verilog"
  }
 ],
 "IncludePath" : [

 ],
 "LoopLimit" : 2000,
 "ResultFile" : "D:/Users/wangs/Documents/Code/LoongArch_Processing_System/1C102/impl/temp/rtl_parser.result",
 "Top" : "TOP",
 "VerilogStd" : "verilog_2001",
 "VhdlStd" : "vhdl_93"
}