{
 "Device" : "GW5AT-138B",
 "Files" : [
  {
   "Path" : "D:/Users/wangs/Documents/Code/LoongArch_Processing_System/1C102/src/hw/CLOCK_GEN.v",
   "Type" : "verilog"
  },
  {
   "Path" : "D:/Users/wangs/Documents/Code/LoongArch_Processing_System/1C102/src/hw/DDR_Controller.v",
   "Type" : "verilog"
  },
  {
   "Path" : "D:/Users/wangs/Documents/Code/LoongArch_Processing_System/1C102/src/hw/LED_driver.v",
   "Type" : "verilog"
  },
  {
   "Path" : "D:/Users/wangs/Documents/Code/LoongArch_Processing_System/1C102/src/hw/RESET_GEN.v",
   "Type" : "verilog"
  },
  {
   "Path" : "D:/Users/wangs/Documents/Code/LoongArch_Processing_System/1C102/src/hw/TOP.v",
   "Type" : "verilog"
  },
  {
   "Path" : "D:/Users/wangs/Documents/Code/LoongArch_Processing_System/1C102/src/hw/amba/apb_mux9.v",
   "Type" : "verilog"
  },
  {
   "Path" : "D:/Users/wangs/Documents/Code/LoongArch_Processing_System/1C102/src/hw/amba/axi2apb.v",
   "Type" : "verilog"
  },
  {
   "Path" : "D:/Users/wangs/Documents/Code/LoongArch_Processing_System/1C102/src/hw/amba/axi_adapter.v",
   "Type" : "verilog"
  },
  {
   "Path" : "D:/Users/wangs/Documents/Code/LoongArch_Processing_System/1C102/src/hw/amba/axi_axil_adapter.v",
   "Type" : "verilog"
  },
  {
   "Path" : "D:/Users/wangs/Documents/Code/LoongArch_Processing_System/1C102/src/hw/amba/axi_crossbar/axicb_checker.sv",
   "Type" : "verilog"
  },
  {
   "Path" : "D:/Users/wangs/Documents/Code/LoongArch_Processing_System/1C102/src/hw/amba/axi_crossbar/axicb_crossbar_lite_top.sv",
   "Type" : "verilog"
  },
  {
   "Path" : "D:/Users/wangs/Documents/Code/LoongArch_Processing_System/1C102/src/hw/amba/axi_crossbar/axicb_crossbar_top.sv",
   "Type" : "verilog"
  },
  {
   "Path" : "D:/Users/wangs/Documents/Code/LoongArch_Processing_System/1C102/src/hw/amba/axi_crossbar/axicb_mst_if.sv",
   "Type" : "verilog"
  },
  {
   "Path" : "D:/Users/wangs/Documents/Code/LoongArch_Processing_System/1C102/src/hw/amba/axi_crossbar/axicb_mst_switch.sv",
   "Type" : "verilog"
  },
  {
   "Path" : "D:/Users/wangs/Documents/Code/LoongArch_Processing_System/1C102/src/hw/amba/axi_crossbar/axicb_pipeline.sv",
   "Type" : "verilog"
  },
  {
   "Path" : "D:/Users/wangs/Documents/Code/LoongArch_Processing_System/1C102/src/hw/amba/axi_crossbar/axicb_round_robin.sv",
   "Type" : "verilog"
  },
  {
   "Path" : "D:/Users/wangs/Documents/Code/LoongArch_Processing_System/1C102/src/hw/amba/axi_crossbar/axicb_round_robin_core.sv",
   "Type" : "verilog"
  },
  {
   "Path" : "D:/Users/wangs/Documents/Code/LoongArch_Processing_System/1C102/src/hw/amba/axi_crossbar/axicb_scfifo.sv",
   "Type" : "verilog"
  },
  {
   "Path" : "D:/Users/wangs/Documents/Code/LoongArch_Processing_System/1C102/src/hw/amba/axi_crossbar/axicb_scfifo_ram.sv",
   "Type" : "verilog"
  },
  {
   "Path" : "D:/Users/wangs/Documents/Code/LoongArch_Processing_System/1C102/src/hw/amba/axi_crossbar/axicb_slv_if.sv",
   "Type" : "verilog"
  },
  {
   "Path" : "D:/Users/wangs/Documents/Code/LoongArch_Processing_System/1C102/src/hw/amba/axi_crossbar/axicb_slv_switch.sv",
   "Type" : "verilog"
  },
  {
   "Path" : "D:/Users/wangs/Documents/Code/LoongArch_Processing_System/1C102/src/hw/amba/axi_crossbar/axicb_switch_top.sv",
   "Type" : "verilog"
  },
  {
   "Path" : "D:/Users/wangs/Documents/Code/LoongArch_Processing_System/1C102/src/hw/amba/axi_ram_if.v",
   "Type" : "verilog"
  },
  {
   "Path" : "D:/Users/wangs/Documents/Code/LoongArch_Processing_System/1C102/src/hw/apb_register.v",
   "Type" : "verilog"
  },
  {
   "Path" : "D:/Users/wangs/Documents/Code/LoongArch_Processing_System/1C102/src/hw/apb_register_if.v",
   "Type" : "verilog"
  },
  {
   "Path" : "D:/Users/wangs/Documents/Code/LoongArch_Processing_System/1C102/src/hw/async_fifo/async_bidir_fifo.v",
   "Type" : "verilog"
  },
  {
   "Path" : "D:/Users/wangs/Documents/Code/LoongArch_Processing_System/1C102/src/hw/async_fifo/async_bidir_ramif_fifo.v",
   "Type" : "verilog"
  },
  {
   "Path" : "D:/Users/wangs/Documents/Code/LoongArch_Processing_System/1C102/src/hw/async_fifo/async_fifo.v",
   "Type" : "verilog"
  },
  {
   "Path" : "D:/Users/wangs/Documents/Code/LoongArch_Processing_System/1C102/src/hw/async_fifo/fifomem.v",
   "Type" : "verilog"
  },
  {
   "Path" : "D:/Users/wangs/Documents/Code/LoongArch_Processing_System/1C102/src/hw/async_fifo/fifomem_dp.v",
   "Type" : "verilog"
  },
  {
   "Path" : "D:/Users/wangs/Documents/Code/LoongArch_Processing_System/1C102/src/hw/async_fifo/rptr_empty.v",
   "Type" : "verilog"
  },
  {
   "Path" : "D:/Users/wangs/Documents/Code/LoongArch_Processing_System/1C102/src/hw/async_fifo/sync_ptr.v",
   "Type" : "verilog"
  },
  {
   "Path" : "D:/Users/wangs/Documents/Code/LoongArch_Processing_System/1C102/src/hw/async_fifo/sync_r2w.v",
   "Type" : "verilog"
  },
  {
   "Path" : "D:/Users/wangs/Documents/Code/LoongArch_Processing_System/1C102/src/hw/async_fifo/sync_w2r.v",
   "Type" : "verilog"
  },
  {
   "Path" : "D:/Users/wangs/Documents/Code/LoongArch_Processing_System/1C102/src/hw/async_fifo/wptr_full.v",
   "Type" : "verilog"
  },
  {
   "Path" : "D:/Users/wangs/Documents/Code/LoongArch_Processing_System/1C102/src/hw/config.v",
   "Type" : "verilog"
  },
  {
   "Path" : "D:/Users/wangs/Documents/Code/LoongArch_Processing_System/1C102/src/hw/confreg/confreg.v",
   "Type" : "verilog"
  },
  {
   "Path" : "D:/Users/wangs/Documents/Code/LoongArch_Processing_System/1C102/src/hw/ddr_ctr_rd_test.v",
   "Type" : "verilog"
  },
  {
   "Path" : "D:/Users/wangs/Documents/Code/LoongArch_Processing_System/1C102/src/hw/ddr_ctr_wr_rd_test.v",
   "Type" : "verilog"
  },
  {
   "Path" : "D:/Users/wangs/Documents/Code/LoongArch_Processing_System/1C102/src/hw/ddr_ctr_wr_test.v",
   "Type" : "verilog"
  },
  {
   "Path" : "D:/Users/wangs/Documents/Code/LoongArch_Processing_System/1C102/src/hw/ip_repo/ddr3_memory_interface/ddr3_memory_interface.v",
   "Type" : "verilog"
  },
  {
   "Path" : "D:/Users/wangs/Documents/Code/LoongArch_Processing_System/1C102/src/hw/ip_repo/ddr_data_fifo/ddr_data_fifo.v",
   "Type" : "verilog"
  },
  {
   "Path" : "D:/Users/wangs/Documents/Code/LoongArch_Processing_System/1C102/src/hw/ip_repo/ddr_queue_fifo/ddr_queue_fifo.v",
   "Type" : "verilog"
  },
  {
   "Path" : "D:/Users/wangs/Documents/Code/LoongArch_Processing_System/1C102/src/hw/ip_repo/gowin_osc/gowin_osc.v",
   "Type" : "verilog"
  },
  {
   "Path" : "D:/Users/wangs/Documents/Code/LoongArch_Processing_System/1C102/src/hw/ip_repo/gowin_pll/gowin_pll.v",
   "Type" : "verilog"
  },
  {
   "Path" : "D:/Users/wangs/Documents/Code/LoongArch_Processing_System/1C102/src/hw/ip_repo/gowin_pll_20M/gowin_pll_20M.v",
   "Type" : "verilog"
  },
  {
   "Path" : "D:/Users/wangs/Documents/Code/LoongArch_Processing_System/1C102/src/hw/ip_repo/gowin_pll_ext/gowin_pll_ext.v",
   "Type" : "verilog"
  },
  {
   "Path" : "D:/Users/wangs/Documents/Code/LoongArch_Processing_System/1C102/src/hw/ip_repo/gowin_sp_data/gowin_sp_data.v",
   "Type" : "verilog"
  },
  {
   "Path" : "D:/Users/wangs/Documents/Code/LoongArch_Processing_System/1C102/src/hw/ip_repo/gowin_sp_instr/gowin_sp_instr.v",
   "Type" : "verilog"
  },
  {
   "Path" : "D:/Users/wangs/Documents/Code/LoongArch_Processing_System/1C102/src/hw/ip_repo/ml_wrfifo/ml_wrfifo.v",
   "Type" : "verilog"
  },
  {
   "Path" : "D:/Users/wangs/Documents/Code/LoongArch_Processing_System/1C102/src/hw/la132_top_pack/la132_top_gowin.vp",
   "Type" : "verilog"
  },
  {
   "Path" : "D:/Users/wangs/Documents/Code/LoongArch_Processing_System/1C102/src/hw/model_loader/sd_axi_top.v",
   "Type" : "verilog"
  },
  {
   "Path" : "D:/Users/wangs/Documents/Code/LoongArch_Processing_System/1C102/src/hw/model_loader/sd_ctrl_top.v",
   "Type" : "verilog"
  },
  {
   "Path" : "D:/Users/wangs/Documents/Code/LoongArch_Processing_System/1C102/src/hw/model_loader/sd_init.v",
   "Type" : "verilog"
  },
  {
   "Path" : "D:/Users/wangs/Documents/Code/LoongArch_Processing_System/1C102/src/hw/model_loader/sd_read.v",
   "Type" : "verilog"
  },
  {
   "Path" : "D:/Users/wangs/Documents/Code/LoongArch_Processing_System/1C102/src/hw/model_loader/sd_read_model.v",
   "Type" : "verilog"
  },
  {
   "Path" : "D:/Users/wangs/Documents/Code/LoongArch_Processing_System/1C102/src/hw/model_loader/sd_read_para_top.v",
   "Type" : "verilog"
  },
  {
   "Path" : "D:/Users/wangs/Documents/Code/LoongArch_Processing_System/1C102/src/hw/sync_fifo/sync_fifo.v",
   "Type" : "verilog"
  },
  {
   "Path" : "D:/Users/wangs/Documents/Code/LoongArch_Processing_System/1C102/src/hw/uart/baudgen.v",
   "Type" : "verilog"
  },
  {
   "Path" : "D:/Users/wangs/Documents/Code/LoongArch_Processing_System/1C102/src/hw/uart/uart_rfifo.v",
   "Type" : "verilog"
  },
  {
   "Path" : "D:/Users/wangs/Documents/Code/LoongArch_Processing_System/1C102/src/hw/uart/uart_rx.v",
   "Type" : "verilog"
  },
  {
   "Path" : "D:/Users/wangs/Documents/Code/LoongArch_Processing_System/1C102/src/hw/uart/uart_tfifo.v",
   "Type" : "verilog"
  },
  {
   "Path" : "D:/Users/wangs/Documents/Code/LoongArch_Processing_System/1C102/src/hw/uart/uart_top.v",
   "Type" : "verilog"
  },
  {
   "Path" : "D:/Users/wangs/Documents/Code/LoongArch_Processing_System/1C102/src/hw/uart/uart_tx.v",
   "Type" : "verilog"
  }
 ],
 "IncludePath" : [

 ],
 "LoopLimit" : 2000,
 "ResultFile" : "D:/Users/wangs/Documents/Code/LoongArch_Processing_System/1C102/impl/temp/rtl_parser.result",
 "Top" : "TOP",
 "VerilogStd" : "sysv",
 "VhdlStd" : "vhdl_93"
}